,username,title,numGames,winRate,numWhite,whiteRate,numBlack,blackRate
0,maestrog,gm,23,0.5652173913043478,0,,23,0.5652173913043478
1,srinavasan,gm,209,0.430622009569378,0,,209,0.430622009569378
2,remontada2017,gm,8,0.375,0,,8,0.375
3,lilleper1,gm,19,0.6842105263157895,9,0.6666666666666666,10,0.7
4,tamirnabaty,gm,12,0.3333333333333333,0,,12,0.3333333333333333
5,ladheezwousharounm,gm,41,0.4146341463414634,0,,41,0.4146341463414634
6,hunga,gm,37,0.5405405405405406,0,,37,0.5405405405405406
7,tigrvshlyape,gm,264,0.42045454545454547,0,,264,0.42045454545454547
8,gm_donatello,gm,188,0.4095744680851064,0,,188,0.4095744680851064
9,dogsofwar,gm,236,0.7245762711864406,120,0.7416666666666667,116,0.7068965517241379
10,msolleveld,gm,118,0.6694915254237288,55,0.7090909090909091,63,0.6349206349206349
11,devonlaratt,gm,101,0.6435643564356436,51,0.6666666666666666,50,0.62
12,zhuu96,gm,40,0.45,0,,40,0.45
13,dedic8,gm,29,0.5517241379310345,0,,29,0.5517241379310345
14,maybe00,gm,289,0.4083044982698962,0,,289,0.4083044982698962
15,dudedoel,gm,9,0.2222222222222222,0,,9,0.2222222222222222
16,gmstefanova,gm,21,0.3333333333333333,0,,21,0.3333333333333333
17,masmos97,gm,17,0.5294117647058824,0,,17,0.5294117647058824
18,attilaczebe,gm,7,0.2857142857142857,4,0.25,3,0.3333333333333333
19,shield12,gm,7,0.5714285714285714,0,,7,0.5714285714285714
20,antonsmirnov,gm,10,0.4,0,,10,0.4
21,gmjoel,gm,4,0.0,3,0.0,1,0.0
22,jsprepz,gm,3,0.6666666666666666,0,,3,0.6666666666666666
23,muradore,gm,54,0.3888888888888889,0,,54,0.3888888888888889
24,viziruk,gm,346,0.7138728323699421,169,0.7396449704142012,177,0.6892655367231638
25,keyser_stark,gm,6,1.0,3,1.0,3,1.0
26,quaternitychess,gm,29,0.5517241379310345,0,,29,0.5517241379310345
27,thecount,gm,36,0.5,0,,36,0.5
28,olga_girya,gm,1,0.0,0,,1,0.0
29,radzio1987,gm,18,0.2777777777777778,0,,18,0.2777777777777778
30,norival,gm,102,0.39215686274509803,0,,102,0.39215686274509803
31,arambai,gm,383,0.4255874673629243,0,,383,0.4255874673629243
32,burbur555,gm,796,0.435929648241206,396,0.4494949494949495,400,0.4225
33,humpy1987,gm,14,0.5,7,0.42857142857142855,7,0.5714285714285714
34,fondip,gm,12,0.5,0,,12,0.5
35,prettyprincess2002,gm,118,0.4576271186440678,0,,118,0.4576271186440678
36,littlepeasant,gm,36,0.5,0,,36,0.5
37,gonzalez-mia,gm,137,0.43795620437956206,0,,137,0.43795620437956206
38,gnowreopard,gm,82,0.4146341463414634,0,,82,0.4146341463414634
39,mikolka1985,gm,220,0.6863636363636364,111,0.7117117117117117,109,0.6605504587155964
40,timofeevar,gm,73,0.4931506849315068,0,,73,0.4931506849315068
41,swapchesspathshala,gm,32,0.46875,0,,32,0.46875
42,pittiplatsh,gm,63,0.4444444444444444,0,,63,0.4444444444444444
43,stuwdrey,gm,165,0.6121212121212121,81,0.6419753086419753,84,0.5833333333333334
44,maciek_92,gm,40,0.95,19,1.0,21,0.9047619047619048
45,immatt64,gm,13,0.5384615384615384,0,,13,0.5384615384615384
46,uzbektiger1963,gm,125,0.416,0,,125,0.416
47,jjosu,gm,19,0.6842105263157895,10,0.8,9,0.5555555555555556
48,kosanovicgoran,gm,25,0.36,0,,25,0.36
49,man-chuk,gm,26,0.46153846153846156,0,,26,0.46153846153846156
50,juarinovich,gm,0,,0,,0,
51,jansmeets,gm,42,0.4523809523809524,0,,42,0.4523809523809524
52,molner-arz,gm,1,1.0,0,,1,1.0
53,champ2005,gm,85,0.6705882352941176,42,0.6190476190476191,43,0.7209302325581395
54,juancglez,gm,2,0.5,0,,2,0.5
55,gmarunchess,gm,1,1.0,0,,1,1.0
56,zabdumalik,gm,15,0.5333333333333333,0,,15,0.5333333333333333
57,sergeykarjakin,gm,38,0.42105263157894735,0,,38,0.42105263157894735
58,evgeniy_88,gm,65,0.6923076923076923,34,0.8235294117647058,31,0.5483870967741935
59,stephendedalus83,gm,93,0.3225806451612903,0,,93,0.3225806451612903
60,dumbo32,gm,8,0.5,0,,8,0.5
61,mesgen,gm,25,0.84,12,0.75,13,0.9230769230769231
62,gmwso,gm,16,0.4375,0,,16,0.4375
63,alex_stripunsky,gm,64,0.4375,0,,64,0.4375
64,mishikomchedlishvili,gm,169,0.6863905325443787,84,0.6666666666666666,85,0.7058823529411765
65,frostnova,gm,19,0.42105263157894735,0,,19,0.42105263157894735
66,glek_igor,gm,30,0.5333333333333333,0,,30,0.5333333333333333
67,jrlok,gm,54,0.5,0,,54,0.5
68,nguyenxi,gm,21,0.5238095238095238,0,,21,0.5238095238095238
69,cyrilmarcelin,gm,100,0.45,0,,100,0.45
70,horizonevent,gm,63,0.49206349206349204,0,,63,0.49206349206349204
71,profylax,gm,11,0.36363636363636365,0,,11,0.36363636363636365
72,uandersson2000,gm,1,0.0,0,,1,0.0
73,gmkrikor,gm,10,0.4,0,,10,0.4
74,64aramis64,gm,23,0.43478260869565216,0,,23,0.43478260869565216
75,sumopork,gm,37,0.7567567567567568,17,0.8235294117647058,20,0.7
76,xdps,gm,78,0.4358974358974359,0,,78,0.4358974358974359
77,afgano29,gm,364,0.6263736263736264,182,0.6648351648351648,182,0.5879120879120879
78,contrversia,gm,31,0.5161290322580645,0,,31,0.5161290322580645
79,idontknowchess75,gm,327,0.5474006116207951,164,0.5670731707317073,163,0.5276073619631901
80,promen1999,gm,74,0.7027027027027027,38,0.7368421052631579,36,0.6666666666666666
81,laskerisalive,gm,4,0.25,2,0.5,2,0.0
82,tenismaster,gm,10,0.5,0,,10,0.5
83,amintabatabaei,gm,27,0.7777777777777778,13,0.6923076923076923,14,0.8571428571428571
84,holt-dal,gm,2,0.0,0,,2,0.0
85,blueshark23,gm,90,0.5444444444444444,46,0.5434782608695652,44,0.5454545454545454
86,becerra-mia,gm,3,0.0,0,,3,0.0
87,hikaru,gm,44,0.5681818181818182,0,,44,0.5681818181818182
88,genna1943,gm,0,,0,,0,
89,gm_buhmann,gm,42,0.5,0,,42,0.5
90,som2310,gm,12,0.4166666666666667,0,,12,0.4166666666666667
91,charlatante,gm,34,0.5294117647058824,0,,34,0.5294117647058824
92,gmmoskalenko,gm,2,0.5,0,,2,0.5
93,mrmotley,gm,63,0.47619047619047616,0,,63,0.47619047619047616
94,stripunsky-nj,gm,1,1.0,0,,1,1.0
95,prumich,gm,0,,0,,0,
96,younguzbek,gm,29,0.6206896551724138,0,,29,0.6206896551724138
97,gmcristhian,gm,0,,0,,0,
98,gmjacobaagaard,gm,4,0.5,0,,4,0.5
99,ym-1,gm,10,0.4,0,,10,0.4
100,wizard456,gm,1,0.0,0,,1,0.0
101,farrukh_amonatov,gm,55,0.36363636363636365,0,,55,0.36363636363636365
102,ibrayevnb,gm,2,0.5,0,,2,0.5
103,dbojkov,gm,32,0.5625,15,0.6666666666666666,17,0.47058823529411764
104,nguyenduchoa,gm,310,0.4967741935483871,0,,310,0.4967741935483871
105,kaphrep,gm,85,0.4588235294117647,0,,85,0.4588235294117647
106,last7samurai,gm,54,0.48148148148148145,0,,54,0.48148148148148145
107,lukas_111111,gm,119,0.6386554621848739,60,0.6166666666666667,59,0.6610169491525424
108,e-grivas,gm,0,,0,,0,
109,njal28,gm,20,0.45,0,,20,0.45
110,worldwar66,gm,240,0.49166666666666664,120,0.49166666666666664,120,0.49166666666666664
111,formerprodigy,gm,51,0.47058823529411764,0,,51,0.47058823529411764
112,elgasanov,gm,108,0.48148148148148145,0,,108,0.48148148148148145
113,nikame,gm,15,0.4666666666666667,0,,15,0.4666666666666667
114,morteza_mahjoob,gm,13,0.3076923076923077,0,,13,0.3076923076923077
115,khamrakulov_djurabek,gm,25,0.52,0,,25,0.52
116,gmedmundo,gm,1,0.0,0,,1,0.0
117,illingworth,gm,6,0.3333333333333333,0,,6,0.3333333333333333
118,tormoz,gm,4,0.25,0,,4,0.25
119,marcan2b,gm,7,0.42857142857142855,0,,7,0.42857142857142855
120,batica1984,gm,1,0.0,0,,1,0.0
121,alefedorov,gm,202,0.40594059405940597,0,,202,0.40594059405940597
122,mauricioflores,gm,71,0.9014084507042254,35,0.9714285714285714,36,0.8333333333333334
123,michelangelo,gm,15,0.4666666666666667,0,,15,0.4666666666666667
124,bankrotten,gm,27,0.5555555555555556,0,,27,0.5555555555555556
125,rikikits,gm,7,0.42857142857142855,0,,7,0.42857142857142855
126,zanyglobal,gm,151,0.46357615894039733,0,,151,0.46357615894039733
127,gmjuliogranda,gm,6,0.5,0,,6,0.5
128,absentzest,gm,24,0.5416666666666666,0,,24,0.5416666666666666
129,luckismyskill,gm,207,0.48792270531400966,0,,207,0.48792270531400966
130,chabanon,gm,66,0.5151515151515151,0,,66,0.5151515151515151
131,gserper,gm,0,,0,,0,
132,vica56,gm,20,0.8,10,0.8,10,0.8
133,panevezys,gm,67,0.5223880597014925,0,,67,0.5223880597014925
134,ginger_gm,gm,49,0.5102040816326531,0,,49,0.5102040816326531
135,mrtattaglia,gm,20,0.55,0,,20,0.55
136,newtie4,gm,150,0.88,79,0.8607594936708861,71,0.9014084507042254
137,mamedyarov_twitch,gm,95,0.3684210526315789,0,,95,0.3684210526315789
138,peretyatko,gm,2,0.5,0,,2,0.5
139,colerranmorad,gm,8,0.375,0,,8,0.375
140,robert_chessmood,gm,18,0.5,0,,18,0.5
141,nikolakis2014,gm,2,0.5,0,,2,0.5
142,grukjr,gm,5,0.4,0,,5,0.4
143,anton_demchenko,gm,2,0.5,0,,2,0.5
144,gm-andreyorlov,gm,17,0.47058823529411764,0,,17,0.47058823529411764
145,kaydentroffchess,gm,18,0.4444444444444444,0,,18,0.4444444444444444
146,violord,gm,10,0.4,0,,10,0.4
147,tokyovice,gm,34,0.3235294117647059,0,,34,0.3235294117647059
148,rdeux42,gm,40,0.5,0,,40,0.5
149,loverespectchess,gm,5,0.4,0,,5,0.4
150,jt,gm,7,0.42857142857142855,0,,7,0.42857142857142855
151,gmmitkov,gm,23,0.782608695652174,11,0.7272727272727273,12,0.8333333333333334
152,a-adly,gm,108,0.4722222222222222,0,,108,0.4722222222222222
153,alexonischuk,gm,19,0.21052631578947367,0,,19,0.21052631578947367
154,stanyga,gm,8,1.0,4,1.0,4,1.0
155,arkonada50,gm,1,1.0,1,1.0,0,
156,mornar1951,gm,177,0.3615819209039548,0,,177,0.3615819209039548
157,mrsavic77,gm,180,0.65,90,0.6,90,0.7
158,azgm,gm,5,0.4,0,,5,0.4
159,superblysse,gm,12,0.4166666666666667,6,0.6666666666666666,6,0.16666666666666666
160,rd4ever,gm,66,0.48484848484848486,0,,66,0.48484848484848486
161,chessqueen,gm,46,0.34782608695652173,0,,46,0.34782608695652173
162,newbornnow,gm,116,0.4827586206896552,0,,116,0.4827586206896552
163,szfinx11,gm,7,0.7142857142857143,0,,7,0.7142857142857143
164,airgun1,gm,2,1.0,1,1.0,1,1.0
165,flycont,gm,3,0.6666666666666666,0,,3,0.6666666666666666
166,harutyuniantigrank,gm,1,0.0,0,,1,0.0
167,tranminhpj,gm,31,0.41935483870967744,0,,31,0.41935483870967744
168,lili_ani,gm,51,0.5882352941176471,25,0.56,26,0.6153846153846154
169,a-fier,gm,23,0.391304347826087,0,,23,0.391304347826087
170,eugeneperelshteyn,gm,2,0.5,0,,2,0.5
171,gmtodorov,gm,27,0.9259259259259259,14,1.0,13,0.8461538461538461
172,elprofesorsergio,gm,115,0.7652173913043478,57,0.7543859649122807,58,0.7758620689655172
173,vladimir_2020,gm,4,0.5,0,,4,0.5
174,xxysoul6,gm,63,0.8253968253968254,31,0.8387096774193549,32,0.8125
175,gmmelik,gm,3,0.6666666666666666,0,,3,0.6666666666666666
176,gmlazarobruzon,gm,162,0.41358024691358025,0,,162,0.41358024691358025
177,algeriano22,gm,143,0.4125874125874126,0,,143,0.4125874125874126
178,lastreetcmamaison,gm,14,0.35714285714285715,0,,14,0.35714285714285715
179,peterleko,gm,11,0.36363636363636365,0,,11,0.36363636363636365
180,david_arutinian,gm,2,0.0,0,,2,0.0
181,topotun,gm,50,0.96,25,0.92,25,1.0
182,sjandy,gm,8,0.625,0,,8,0.625
183,cruise999,gm,5,0.6,3,0.6666666666666666,2,0.5
184,igmjeroenpiket,gm,0,,0,,0,
185,chowman64,gm,11,0.45454545454545453,0,,11,0.45454545454545453
186,sgchess01,gm,62,0.3548387096774194,0,,62,0.3548387096774194
187,vrolijk,gm,30,0.4,0,,30,0.4
188,anishgiri,gm,10,0.2,0,,10,0.2
189,tartody,gm,1,1.0,0,,1,1.0
190,milos021,gm,228,0.42543859649122806,0,,228,0.42543859649122806
191,nat74,gm,408,0.49754901960784315,0,,408,0.49754901960784315
192,milanzajic,gm,223,0.45739910313901344,0,,223,0.45739910313901344
193,peng_li-min,gm,209,0.44976076555023925,0,,209,0.44976076555023925
194,vsanduleac,gm,89,0.4044943820224719,0,,89,0.4044943820224719
195,yobdc,gm,3,1.0,2,1.0,1,1.0
196,avitalbor,gm,16,0.4375,0,,16,0.4375
197,daanbrandenburg,gm,35,0.8285714285714286,18,0.7777777777777778,17,0.8823529411764706
198,potosino1970,gm,25,0.56,0,,25,0.56
199,mariyagm,gm,2,0.5,0,,2,0.5
200,yellowjacek,im,11,0.36363636363636365,0,,11,0.36363636363636365
201,thibautvandenbussche,im,5,0.2,0,,5,0.2
202,fightingdragon84,im,61,0.4426229508196721,0,,61,0.4426229508196721
203,roman_2112,im,174,0.6206896551724138,85,0.6235294117647059,89,0.6179775280898876
204,barneystinson97,im,16,0.5,0,,16,0.5
205,halfnatty,im,652,0.7346625766871165,328,0.7347560975609756,324,0.7345679012345679
206,lokander,im,3,1.0,2,1.0,1,1.0
207,losxodos,im,213,0.4460093896713615,0,,213,0.4460093896713615
208,rahulgshetty,im,586,0.4658703071672355,0,,586,0.4658703071672355
209,baggio95,im,66,0.4696969696969697,0,,66,0.4696969696969697
210,minisko,im,5,0.8,0,,5,0.8
211,caminator2000,im,120,0.5,0,,120,0.5
212,albi1999,im,1,0.0,1,0.0,0,
213,picev,im,19,0.5263157894736842,0,,19,0.5263157894736842
214,kapengut-nj,im,1,0.0,0,,1,0.0
215,the_machine04,im,252,0.4801587301587302,0,,252,0.4801587301587302
216,giulioborgo,im,209,0.46411483253588515,0,,209,0.46411483253588515
217,ninguno46,im,27,1.0,13,1.0,14,1.0
218,jorgebittencourt,im,125,0.488,0,,125,0.488
219,djgwards,im,5,1.0,2,1.0,3,1.0
220,the_jagermeister,im,46,0.43478260869565216,0,,46,0.43478260869565216
221,elpepinillo14,im,3,0.3333333333333333,2,0.5,1,0.0
222,uselessduffer,im,36,0.6388888888888888,17,0.5294117647058824,19,0.7368421052631579
223,tomohawk52,im,20,0.6,4,0.75,16,0.5625
224,mouniouboun,im,56,0.5714285714285714,27,0.5925925925925926,29,0.5517241379310345
225,likantrophuss,im,6,0.8333333333333334,3,1.0,3,0.6666666666666666
226,enestnrvrd,im,12,0.75,6,0.6666666666666666,6,0.8333333333333334
227,mountthief,im,76,0.42105263157894735,0,,76,0.42105263157894735
228,belisarius64,im,5,0.6,2,1.0,3,0.3333333333333333
229,morfius,im,12,0.5833333333333334,7,0.7142857142857143,5,0.4
230,oleksii_suriadnyi,im,192,0.4583333333333333,0,,192,0.4583333333333333
231,peroncio,im,63,0.5714285714285714,0,,63,0.5714285714285714
232,beatles_22,im,4,1.0,2,1.0,2,1.0
233,minhgtran,im,1313,0.43792840822543794,0,,1313,0.43792840822543794
234,kushagramohan,im,246,0.5975609756097561,125,0.592,121,0.6033057851239669
235,stockholmmissile,im,26,0.6538461538461539,0,,26,0.6538461538461539
236,queruba,im,3,0.3333333333333333,2,0.5,1,0.0
237,matbobula,im,12,0.6666666666666666,0,,12,0.6666666666666666
238,penyulambat,im,11,0.5454545454545454,6,0.6666666666666666,5,0.4
239,neimer-stl,im,2,0.5,0,,2,0.5
240,spo98,im,54,0.42592592592592593,0,,54,0.42592592592592593
241,annonymous123,im,377,0.5782493368700266,183,0.639344262295082,194,0.520618556701031
242,angsan,im,15,0.4,0,,15,0.4
243,aemeffi,im,9,0.4444444444444444,0,,9,0.4444444444444444
244,menor31,im,28,0.7142857142857143,14,0.6428571428571429,14,0.7857142857142857
245,zurability,im,114,0.43859649122807015,0,,114,0.43859649122807015
246,kirillov_andrey,im,250,0.48,0,,250,0.48
247,megaraptor1,im,470,0.4829787234042553,0,,470,0.4829787234042553
248,riptide27,im,5,0.2,0,,5,0.2
249,zydraxx1,im,288,0.4756944444444444,0,,288,0.4756944444444444
250,vohiraa,im,2,1.0,1,1.0,1,1.0
251,imivangalic,im,13,0.38461538461538464,6,0.16666666666666666,7,0.5714285714285714
252,man_of_ai,im,4,0.0,2,0.0,2,0.0
253,lastherojr,im,2,1.0,0,,2,1.0
254,otrada47,im,0,,0,,0,
255,mirkovicslobodan1,im,2,0.5,0,,2,0.5
256,slightlydeceiving,im,362,0.4143646408839779,181,0.36464088397790057,181,0.46408839779005523
257,milchone1,im,1,1.0,0,,1,1.0
258,ajedrezhn,im,20,0.45,0,,20,0.45
259,malysch,im,44,0.4772727272727273,0,,44,0.4772727272727273
260,atco84,im,226,0.43805309734513276,0,,226,0.43805309734513276
261,flotsie,im,45,0.4666666666666667,0,,45,0.4666666666666667
262,onatb,im,131,0.4580152671755725,0,,131,0.4580152671755725
263,eternauta2400,im,33,0.48484848484848486,0,,33,0.48484848484848486
264,lenyas66,im,166,0.39759036144578314,0,,166,0.39759036144578314
265,dapsay,im,317,0.5078864353312302,159,0.49056603773584906,158,0.5253164556962026
266,davidegglestonim,im,8,0.375,0,,8,0.375
267,moonwood,im,6,0.3333333333333333,0,,6,0.3333333333333333
268,novak_pezelj,im,149,0.4697986577181208,0,,149,0.4697986577181208
269,almostright,im,95,0.6736842105263158,48,0.7083333333333334,47,0.6382978723404256
270,ouaret_abdelouhab,im,1,1.0,1,1.0,0,
271,denis_petrukhin,im,11,0.2727272727272727,0,,11,0.2727272727272727
272,derbenev_andrey,im,443,0.45372460496614,0,,443,0.45372460496614
273,raviteja81293,im,215,0.6837209302325581,101,0.693069306930693,114,0.6754385964912281
274,nobodyperfect13,im,29,0.3448275862068966,15,0.4,14,0.2857142857142857
275,lapsoepap,im,271,0.4317343173431734,0,,271,0.4317343173431734
276,boris98,im,130,0.47692307692307695,0,,130,0.47692307692307695
277,sodikus,im,4,0.5,2,0.5,2,0.5
278,loveinyouratoms,im,5,0.8,2,1.0,3,0.6666666666666666
279,edikmgdl,im,106,0.6415094339622641,53,0.660377358490566,53,0.6226415094339622
280,charlesstrickland,im,2,0.5,0,,2,0.5
281,casper_schoppen,im,358,0.44972067039106145,0,,358,0.44972067039106145
282,caspiisrael,im,703,0.5120910384068279,0,,703,0.5120910384068279
283,ainahia,im,5,0.4,0,,5,0.4
284,thenomnomfactor,im,120,0.4583333333333333,0,,120,0.4583333333333333
285,viraldus,im,1,0.0,0,,1,0.0
286,michael_scofield01,im,112,0.49107142857142855,0,,112,0.49107142857142855
287,nomyas41,im,8,0.75,4,0.75,4,0.75
288,csb7,im,89,0.3707865168539326,0,,89,0.3707865168539326
289,khusenkhojaev,im,6,0.3333333333333333,0,,6,0.3333333333333333
290,makrog,im,44,0.4318181818181818,20,0.45,24,0.4166666666666667
291,tommyshelby93,im,166,0.43373493975903615,0,,166,0.43373493975903615
292,reflexia64,im,22,0.6363636363636364,10,0.8,12,0.5
293,1scaramouche1,im,66,0.803030303030303,35,0.8,31,0.8064516129032258
294,sever81,im,94,0.7021276595744681,47,0.723404255319149,47,0.6808510638297872
295,deanofchess,im,1,1.0,1,1.0,0,
296,andrew_ledger,im,5,0.6,0,,5,0.6
297,jsdbv18,im,6,1.0,3,1.0,3,1.0
298,koustavchatterjee1,im,25,0.56,0,,25,0.56
299,crywolf1986,im,15,0.8,8,0.75,7,0.8571428571428571
300,mpgm,im,12,0.5833333333333334,0,,12,0.5833333333333334
301,marticafierro,im,15,0.3333333333333333,0,,15,0.3333333333333333
302,meribanov_vitaly,im,12,0.5833333333333334,0,,12,0.5833333333333334
303,bathory44,im,23,0.4782608695652174,0,,23,0.4782608695652174
304,alinalami,im,7,0.7142857142857143,3,0.6666666666666666,4,0.75
305,magicyo,im,33,0.5454545454545454,0,,33,0.5454545454545454
306,tomsk1,im,218,0.44036697247706424,0,,218,0.44036697247706424
307,khazarbabazada007,im,71,0.4788732394366197,0,,71,0.4788732394366197
308,tapu2,im,38,0.5263157894736842,20,0.65,18,0.3888888888888889
309,alex-11211,im,126,0.46825396825396826,0,,126,0.46825396825396826
310,sokoloco,im,48,0.5833333333333334,0,,48,0.5833333333333334
311,munguntuul_b,im,30,0.4,0,,30,0.4
312,wcachess,im,1,1.0,1,1.0,0,
313,ana_matnadze,im,2,0.5,0,,2,0.5
314,ahmadzadaa,im,634,0.45425867507886436,0,,634,0.45425867507886436
315,jovantodorovic,im,6,0.16666666666666666,0,,6,0.16666666666666666
316,nuvas,im,39,0.3076923076923077,0,,39,0.3076923076923077
317,jooonaaas1996,im,24,0.375,0,,24,0.375
318,donkeymonkey66,im,114,0.7105263157894737,58,0.7758620689655172,56,0.6428571428571429
319,larkin-vladislav,im,55,0.4727272727272727,0,,55,0.4727272727272727
320,richardcwang,im,23,0.6521739130434783,0,,23,0.6521739130434783
321,kgarde,im,91,0.7362637362637363,45,0.7555555555555555,46,0.717391304347826
322,rquery98,im,3,1.0,2,1.0,1,1.0
323,m_ezat,im,124,0.5725806451612904,61,0.5737704918032787,63,0.5714285714285714
324,greenhaven,im,43,0.4883720930232558,0,,43,0.4883720930232558
325,hsper248,im,374,0.4385026737967914,0,,374,0.4385026737967914
326,houdinovic,im,2,0.5,0,,2,0.5
327,neklan,im,1,0.0,0,,1,0.0
328,lakofdawalapment,im,63,0.47619047619047616,0,,63,0.47619047619047616
329,sokidze,im,27,0.6666666666666666,13,0.7692307692307693,14,0.5714285714285714
330,zoranp,im,307,0.8338762214983714,155,0.864516129032258,152,0.8026315789473685
331,twiceblessed,im,358,0.5027932960893855,0,,358,0.5027932960893855
332,mfedor76,im,2,0.5,0,,2,0.5
333,migchiel,im,31,0.3870967741935484,0,,31,0.3870967741935484
334,ninhvo,im,7,0.14285714285714285,4,0.25,3,0.0
335,ajdemipopushi,im,1,0.0,1,0.0,0,
336,captain_top,im,132,0.6515151515151515,66,0.5454545454545454,66,0.7575757575757576
337,cschoppen,im,0,,0,,0,
338,chessdojo,im,2,0.5,0,,2,0.5
339,felixjoseynojosa,im,1,0.0,0,,1,0.0
340,alishersuleymenov,im,20,0.85,10,0.9,10,0.8
341,jeggerm,im,8,0.875,5,1.0,3,0.6666666666666666
342,ellatambien,im,7,0.42857142857142855,4,0.75,3,0.0
343,tsubasaozora,im,39,0.8717948717948718,19,0.9473684210526315,20,0.8
344,arash_tahbaz,im,88,0.4431818181818182,0,,88,0.4431818181818182
345,xavb,im,12,0.4166666666666667,0,,12,0.4166666666666667
346,robertkreisl,im,1,0.0,0,,1,0.0
347,smalltownhero,im,2,0.5,0,,2,0.5
348,chessking0310,im,206,0.5922330097087378,104,0.6057692307692307,102,0.5784313725490197
349,invincibleloser,im,74,0.4594594594594595,0,,74,0.4594594594594595
350,saikrishnareturns,im,2,0.5,0,,2,0.5
351,superperrazo,im,9,0.3333333333333333,0,,9,0.3333333333333333
352,schoolmeester,im,2,0.5,1,1.0,1,0.0
353,orkan85,im,12,0.6666666666666666,5,0.6,7,0.7142857142857143
354,josiwales,im,91,0.6043956043956044,46,0.6956521739130435,45,0.5111111111111111
355,1e41-0,im,13,0.6153846153846154,7,0.7142857142857143,6,0.5
356,nicolaaltini,im,1,0.0,0,,1,0.0
357,manmanlai1,im,2,1.0,1,1.0,1,1.0
358,im_chessbrain,im,333,0.47147147147147145,0,,333,0.47147147147147145
359,yairparkhov,im,5,0.2,0,,5,0.2
360,hafez_bakr,im,90,0.4777777777777778,0,,90,0.4777777777777778
361,jslaby,im,1,0.0,0,,1,0.0
362,rozhdestvo_2022,im,48,0.3333333333333333,0,,48,0.3333333333333333
363,mindcoach,im,6,0.3333333333333333,0,,6,0.3333333333333333
364,andrej0906,im,1,1.0,1,1.0,0,
365,tigerlilov,im,1,0.0,0,,1,0.0
366,crazyluzhinth3,im,11,0.5454545454545454,0,,11,0.5454545454545454
367,barberbirborbur,im,12,0.75,6,0.6666666666666666,6,0.8333333333333334
368,bardiya_daneshvar,im,85,0.5529411764705883,0,,85,0.5529411764705883
369,shukh_nikolay,im,1,1.0,0,,1,1.0
370,superbueno,im,8,0.5,0,,8,0.5
371,lavrov_maxim,im,10,0.4,0,,10,0.4
372,alexey_potapov,im,623,0.507223113964687,0,,623,0.507223113964687
373,davidgavrilescu18,im,6,0.5,0,,6,0.5
374,thecoppereagle,im,5,0.2,0,,5,0.2
375,andeev,im,180,0.49444444444444446,88,0.48863636363636365,92,0.5
376,olegkrivonosov,im,84,0.5238095238095238,0,,84,0.5238095238095238
377,dzhumagaliev,im,80,0.825,41,0.8780487804878049,39,0.7692307692307693
378,andreyostrovskiy,im,1,0.0,0,,1,0.0
379,ellicott2012,im,6,0.6666666666666666,3,0.6666666666666666,3,0.6666666666666666
380,kannappan-stl,im,3,0.3333333333333333,0,,3,0.3333333333333333
381,inigodust,im,30,0.3333333333333333,0,,30,0.3333333333333333
382,normal23,im,5,0.6,3,0.3333333333333333,2,1.0
383,vasilijevladacki,im,127,0.5511811023622047,0,,127,0.5511811023622047
384,yarosavich,im,3,1.0,1,1.0,2,1.0
385,roktimb,im,0,,0,,0,
386,resha1988,im,16,0.375,8,0.375,8,0.375
387,playchesssimple,im,59,0.3220338983050847,0,,59,0.3220338983050847
388,isikcan05,im,39,0.4358974358974359,0,,39,0.4358974358974359
389,fofo65,im,142,0.7394366197183099,73,0.8082191780821918,69,0.6666666666666666
390,improvidence,im,478,0.4393305439330544,0,,478,0.4393305439330544
391,pawnwonder,im,18,0.3888888888888889,9,0.4444444444444444,9,0.3333333333333333
392,thunderrpanda,im,148,0.47297297297297297,0,,148,0.47297297297297297
393,draksbg,im,63,0.5873015873015873,32,0.625,31,0.5483870967741935
394,themind1hunter,im,33,0.7272727272727273,18,0.6111111111111112,15,0.8666666666666667
395,ari_dale,im,83,0.4457831325301205,0,,83,0.4457831325301205
396,quinten94,im,1,0.0,0,,1,0.0
397,profylactic,im,84,0.5119047619047619,0,,84,0.5119047619047619
398,shoytan,im,12,0.4166666666666667,0,,12,0.4166666666666667
399,kenta1234,im,38,0.8157894736842105,19,0.8947368421052632,19,0.7368421052631579
400,simplechess,fm,4,1.0,2,1.0,2,1.0
401,samk52,fm,70,0.38571428571428573,0,,70,0.38571428571428573
402,lcda,fm,12,0.5833333333333334,0,,12,0.5833333333333334
403,abubakrtagelsir,fm,12,0.75,6,0.5,6,1.0
404,catalin009,fm,32,0.84375,16,0.8125,16,0.875
405,khamzinolzhas,fm,13,0.23076923076923078,0,,13,0.23076923076923078
406,paolochess15,fm,69,0.43478260869565216,0,,69,0.43478260869565216
407,checksumme,fm,232,0.3706896551724138,0,,232,0.3706896551724138
408,meesvanosch,fm,108,0.48148148148148145,0,,108,0.48148148148148145
409,midedu,fm,7,0.2857142857142857,3,0.3333333333333333,4,0.25
410,kinkaiser,fm,33,0.5454545454545454,0,,33,0.5454545454545454
411,fmdaveledger,fm,13,0.46153846153846156,0,,13,0.46153846153846156
412,zzzazzzz,fm,1261,0.47977795400475814,627,0.49122807017543857,634,0.46845425867507884
413,7-the_dragon-7,fm,54,0.35185185185185186,0,,54,0.35185185185185186
414,endgamegrinder,fm,60,0.4666666666666667,0,,60,0.4666666666666667
415,bratkoo,fm,29,0.7931034482758621,15,0.8,14,0.7857142857142857
416,andrycos,fm,23,0.8260869565217391,11,0.9090909090909091,12,0.75
417,marcodobrikov,fm,233,0.48068669527896996,113,0.5309734513274337,120,0.43333333333333335
418,whyme85,fm,212,0.7028301886792453,107,0.7476635514018691,105,0.6571428571428571
419,zocpoc71,fm,3,0.6666666666666666,1,1.0,2,0.5
420,quesfr,fm,33,0.7272727272727273,17,0.8235294117647058,16,0.625
421,joseremolar,fm,349,0.4326647564469914,0,,349,0.4326647564469914
422,seriosha,fm,350,0.4742857142857143,0,,350,0.4742857142857143
423,wild3000,fm,6,0.5,4,0.75,2,0.0
424,aguiar94,fm,211,0.5118483412322274,0,,211,0.5118483412322274
425,theknightofbosnia,fm,140,0.42142857142857143,0,,140,0.42142857142857143
426,chessczar11,fm,20,0.65,10,0.6,10,0.7
427,miyoloko,fm,85,0.49411764705882355,0,,85,0.49411764705882355
428,will_grigs_on_fire,fm,24,0.5833333333333334,0,,24,0.5833333333333334
429,blitzmaster1995,fm,1,1.0,1,1.0,0,
430,kap5,fm,23,0.5217391304347826,0,,23,0.5217391304347826
431,mattydperrine,fm,4,0.25,0,,4,0.25
432,yartarget,fm,176,0.6477272727272727,90,0.6888888888888889,86,0.6046511627906976
433,mambalelo,fm,14,0.7142857142857143,7,0.7142857142857143,7,0.7142857142857143
434,amazingatlas,fm,207,0.4782608695652174,0,,207,0.4782608695652174
435,irakli_akhvlediani,fm,210,0.42857142857142855,0,,210,0.42857142857142855
436,passy234,fm,64,0.484375,32,0.5,32,0.46875
437,masterzhan,fm,1,1.0,0,,1,1.0
438,ymoy,fm,39,0.8205128205128205,20,0.85,19,0.7894736842105263
439,daesdo,fm,276,0.44565217391304346,0,,276,0.44565217391304346
440,shuvatkin_vladimir,fm,141,0.45390070921985815,0,,141,0.45390070921985815
441,chevoraska70,fm,223,0.5426008968609866,111,0.5405405405405406,112,0.5446428571428571
442,pedroholly22,fm,89,0.6179775280898876,46,0.6304347826086957,43,0.6046511627906976
443,tsschessulover,fm,8,0.5,0,,8,0.5
444,fmramakrishna,fm,35,0.42857142857142855,0,,35,0.42857142857142855
445,grugo64,fm,159,0.4779874213836478,0,,159,0.4779874213836478
446,zherom71,fm,137,0.5474452554744526,0,,137,0.5474452554744526
447,omeletking,fm,20,0.55,11,0.8181818181818182,9,0.2222222222222222
448,umuterdemgunduz,fm,23,0.43478260869565216,0,,23,0.43478260869565216
449,mrpurplechess,fm,29,0.5862068965517241,0,,29,0.5862068965517241
450,pedromartinez91,fm,140,0.5642857142857143,71,0.6197183098591549,69,0.5072463768115942
451,siemba,fm,17,0.5294117647058824,0,,17,0.5294117647058824
452,dabee,fm,46,0.5652173913043478,23,0.5652173913043478,23,0.5652173913043478
453,begmuratovkh2010,fm,42,0.5,0,,42,0.5
454,yasinka2016,fm,8,0.625,0,,8,0.625
455,matapatos,fm,147,0.6666666666666666,74,0.7027027027027027,73,0.6301369863013698
456,serlanselot,fm,12,0.5833333333333334,0,,12,0.5833333333333334
457,ghostaverage,fm,25,0.48,12,0.5833333333333334,13,0.38461538461538464
458,yellowdragoon,fm,7,0.42857142857142855,4,0.5,3,0.3333333333333333
459,kaliopa,fm,3,0.0,0,,3,0.0
460,eulero78,fm,28,0.7857142857142857,15,0.9333333333333333,13,0.6153846153846154
461,radojeiriz,fm,11,0.45454545454545453,0,,11,0.45454545454545453
462,kochichess,fm,138,0.6086956521739131,69,0.6231884057971014,69,0.5942028985507246
463,theturtlemoves,fm,55,0.5272727272727272,28,0.5,27,0.5555555555555556
464,lz31415,fm,1197,0.5597326649958229,602,0.5697674418604651,595,0.5495798319327732
465,doraemon7,fm,296,0.4797297297297297,0,,296,0.4797297297297297
466,chessplayer202202,fm,568,0.4595070422535211,0,,568,0.4595070422535211
467,garicradomir,fm,537,0.62756052141527,267,0.6554307116104869,270,0.6
468,doons21,fm,73,0.7808219178082192,35,0.8,38,0.7631578947368421
469,vancilla,fm,1,1.0,1,1.0,0,
470,auggiewren,fm,28,0.35714285714285715,0,,28,0.35714285714285715
471,outlucked,fm,2,1.0,1,1.0,1,1.0
472,fischercapa,fm,52,0.6923076923076923,26,0.7692307692307693,26,0.6153846153846154
473,talaris,fm,23,0.34782608695652173,0,,23,0.34782608695652173
474,sandstad,fm,207,0.48792270531400966,0,,207,0.48792270531400966
475,decimocourtois,fm,126,0.42857142857142855,0,,126,0.42857142857142855
476,bubachess1608,fm,339,0.4808259587020649,0,,339,0.4808259587020649
477,somalianwarrior2006,fm,815,0.4343558282208589,0,,815,0.4343558282208589
478,jean-claude_vandal,fm,148,0.3581081081081081,0,,148,0.3581081081081081
479,zeeuwke,fm,9,0.4444444444444444,0,,9,0.4444444444444444
480,ayina29,fm,242,0.7231404958677686,122,0.7786885245901639,120,0.6666666666666666
481,cdoespiao,fm,9,0.3333333333333333,0,,9,0.3333333333333333
482,thebigbadchessdad,fm,3,0.0,0,,3,0.0
483,vfernandezb,fm,3,0.6666666666666666,0,,3,0.6666666666666666
484,topmoi,fm,159,0.5283018867924528,80,0.6125,79,0.4430379746835443
485,fishthatroared,fm,225,0.47555555555555556,0,,225,0.47555555555555556
486,takemypieces97,fm,149,0.4563758389261745,0,,149,0.4563758389261745
487,orkinyo12345,fm,16,0.6875,9,0.6666666666666666,7,0.7142857142857143
488,mfwagnerpeixoto,fm,1,1.0,1,1.0,0,
489,ashen-nj,fm,1,0.0,0,,1,0.0
490,richard_black,fm,19,0.3684210526315789,0,,19,0.3684210526315789
491,masterblaster1,fm,84,0.6190476190476191,42,0.5476190476190477,42,0.6904761904761905
492,secret_guy,fm,21,0.7142857142857143,10,0.7,11,0.7272727272727273
493,meridaandres,fm,1,1.0,1,1.0,0,
494,fravatel,fm,194,0.4742268041237113,0,,194,0.4742268041237113
495,den_kuzo,fm,161,0.4472049689440994,0,,161,0.4472049689440994
496,bajecny,fm,85,0.43529411764705883,0,,85,0.43529411764705883
497,loiacono_antonio,fm,96,0.4166666666666667,0,,96,0.4166666666666667
498,looooolll123,fm,475,0.5578947368421052,238,0.5882352941176471,237,0.5274261603375527
499,nau64,fm,3,1.0,2,1.0,1,1.0
500,chesscoach64,fm,1,0.0,0,,1,0.0
501,gatorojo150,fm,3,0.3333333333333333,0,,3,0.3333333333333333
502,bacus2000,fm,20,0.5,0,,20,0.5
503,superchthonic,fm,118,0.5508474576271186,59,0.6101694915254238,59,0.4915254237288136
504,pocketpivot,fm,168,0.3630952380952381,0,,168,0.3630952380952381
505,gabduschew,fm,176,0.6193181818181818,88,0.6931818181818182,88,0.5454545454545454
506,alexkhripachenko,fm,7,0.42857142857142855,0,,7,0.42857142857142855
507,spotbet,fm,2,1.0,1,1.0,1,1.0
508,atom596,fm,16,0.5625,0,,16,0.5625
509,46tumtrah,fm,1,1.0,1,1.0,0,
510,apg77,fm,84,0.8452380952380952,41,0.8292682926829268,43,0.8604651162790697
511,kresojevicvasa,fm,131,0.549618320610687,64,0.625,67,0.47761194029850745
512,mindgrowing,fm,4,0.75,2,1.0,2,0.5
513,atoufi-arz,fm,1,1.0,0,,1,1.0
514,majalaviri,fm,32,0.78125,15,0.6666666666666666,17,0.8823529411764706
515,artin10862,fm,27,0.7777777777777778,13,0.8461538461538461,14,0.7142857142857143
516,martinez_95,fm,265,0.4981132075471698,130,0.6,135,0.4
517,walter_white_poland,fm,21,0.38095238095238093,0,,21,0.38095238095238093
518,daddystrength,fm,259,0.583011583011583,132,0.6136363636363636,127,0.5511811023622047
519,marchutin77,fm,105,0.6666666666666666,52,0.6923076923076923,53,0.6415094339622641
520,erwich,fm,1,0.0,0,,1,0.0
521,skinerd6,fm,70,0.4857142857142857,35,0.5428571428571428,35,0.42857142857142855
522,vanek_runets,fm,6,0.6666666666666666,0,,6,0.6666666666666666
523,gorgeous1083,fm,61,0.7868852459016393,31,0.8387096774193549,30,0.7333333333333333
524,lrj2011,fm,78,0.7435897435897436,39,0.7948717948717948,39,0.6923076923076923
525,kuruhuru,fm,2,0.0,1,0.0,1,0.0
526,mrnobody99,fm,83,0.46987951807228917,0,,83,0.46987951807228917
527,svandik49,fm,84,0.40476190476190477,0,,84,0.40476190476190477
528,polandchessplayer,fm,66,0.5151515151515151,32,0.5,34,0.5294117647058824
529,mariofs,fm,12,0.5833333333333334,5,0.8,7,0.42857142857142855
530,odreamchess,fm,547,0.43144424131627057,0,,547,0.43144424131627057
531,fluffey,fm,57,0.49122807017543857,0,,57,0.49122807017543857
532,sjevtic,fm,1,1.0,0,,1,1.0
533,paparama_1917,fm,2,0.5,0,,2,0.5
534,shoooting_star,fm,47,0.46808510638297873,0,,47,0.46808510638297873
535,bodor1,fm,6,1.0,3,1.0,3,1.0
536,shadyh9,fm,48,0.4583333333333333,0,,48,0.4583333333333333
537,andreaschatz,fm,144,0.6041666666666666,74,0.6351351351351351,70,0.5714285714285714
538,macko06,fm,1,0.0,1,0.0,0,
539,sharan_rao,fm,76,0.4342105263157895,0,,76,0.4342105263157895
540,ec316,fm,2,0.5,1,1.0,1,0.0
541,b_nn_t,fm,11,0.45454545454545453,0,,11,0.45454545454545453
542,twilight_sparkle5,fm,72,0.4305555555555556,0,,72,0.4305555555555556
543,bengal_tiger07,fm,103,0.5048543689320388,0,,103,0.5048543689320388
544,ibraheem0,fm,107,0.8598130841121495,54,0.9259259259259259,53,0.7924528301886793
545,bournival-ne,fm,1,0.0,0,,1,0.0
546,schattman,fm,36,0.4722222222222222,0,,36,0.4722222222222222
547,truki,fm,381,0.5826771653543307,191,0.5863874345549738,190,0.5789473684210527
548,henryk_s,fm,33,0.5151515151515151,0,,33,0.5151515151515151
549,savke_capitano,fm,6,0.5,0,,6,0.5
550,oneeyedguest,fm,586,0.45051194539249145,0,,586,0.45051194539249145
551,ykow,fm,345,0.46956521739130436,0,,345,0.46956521739130436
552,chessalow,fm,10,0.7,5,0.8,5,0.6
553,gliga,fm,104,0.4326923076923077,0,,104,0.4326923076923077
554,el_luiso96,fm,68,0.5294117647058824,34,0.5294117647058824,34,0.5294117647058824
555,slave-trajkoski,fm,149,0.5436241610738255,74,0.527027027027027,75,0.56
556,blitzchampion78,fm,5,1.0,0,,5,1.0
557,riordan-ne,fm,1,0.0,0,,1,0.0
558,letdalvincook,fm,2,0.5,0,,2,0.5
559,fmsoumya1984,fm,25,0.68,13,0.7692307692307693,12,0.5833333333333334
560,zsoltkorpics,fm,24,1.0,12,1.0,12,1.0
561,kirillov-dmitry,fm,4,0.5,0,,4,0.5
562,smyslovsfan,fm,281,0.45195729537366547,0,,281,0.45195729537366547
563,pavelyurkov777,fm,116,0.4827586206896552,0,,116,0.4827586206896552
564,joejan,fm,2,1.0,1,1.0,1,1.0
565,otrovnipacov2405,fm,24,0.4583333333333333,0,,24,0.4583333333333333
566,econpower,fm,2,1.0,1,1.0,1,1.0
567,unstuckfrommud,fm,244,0.47540983606557374,0,,244,0.47540983606557374
568,bluejay1897,fm,42,0.6190476190476191,19,0.631578947368421,23,0.6086956521739131
569,mainemanfm,fm,76,0.39473684210526316,0,,76,0.39473684210526316
570,luiso1961,fm,7,1.0,3,1.0,4,1.0
571,jimis98,fm,21,0.6190476190476191,10,0.6,11,0.6363636363636364
572,buhomurciano,fm,2,1.0,1,1.0,1,1.0
573,paladin_ll,fm,360,0.4527777777777778,183,0.4262295081967213,177,0.480225988700565
574,ebijo,fm,8,1.0,4,1.0,4,1.0
575,kettai,fm,300,0.49,151,0.5033112582781457,149,0.47651006711409394
576,borsuk_konstantin,fm,14,0.42857142857142855,0,,14,0.42857142857142855
577,jlmanzanares,fm,7,1.0,4,1.0,3,1.0
578,prerijskikojot,fm,263,0.7642585551330798,133,0.7894736842105263,130,0.7384615384615385
579,dtocchioni,fm,452,0.6592920353982301,230,0.6826086956521739,222,0.6351351351351351
580,stasor4ik,fm,15,0.4666666666666667,0,,15,0.4666666666666667
581,alembong,fm,442,0.4072398190045249,0,,442,0.4072398190045249
582,ranindu2003,fm,221,0.3891402714932127,0,,221,0.3891402714932127
583,khoipham,fm,1,0.0,1,0.0,0,
584,esskeettit,fm,231,0.6666666666666666,115,0.6608695652173913,116,0.6724137931034483
585,mark2120,fm,16,0.4375,0,,16,0.4375
586,fmalexhdez,fm,205,0.424390243902439,0,,205,0.424390243902439
587,tkbecrux,fm,45,0.6888888888888889,23,0.5652173913043478,22,0.8181818181818182
588,unlaw69,fm,3,0.3333333333333333,0,,3,0.3333333333333333
589,roland_inho,fm,47,0.425531914893617,0,,47,0.425531914893617
590,szabadaba,fm,54,0.6481481481481481,28,0.6785714285714286,26,0.6153846153846154
591,progresso2016,fm,39,0.38461538461538464,0,,39,0.38461538461538464
592,andrej2004,fm,288,0.4895833333333333,0,,288,0.4895833333333333
593,adel991,fm,0,,0,,0,
594,unmerciful_life,fm,14,0.21428571428571427,0,,14,0.21428571428571427
595,malhar9,fm,10,0.4,0,,10,0.4
596,laitveik,fm,11,0.9090909090909091,5,1.0,6,0.8333333333333334
597,vazabanga,fm,166,0.4036144578313253,0,,166,0.4036144578313253
598,rtfrancisco,fm,53,0.4528301886792453,0,,53,0.4528301886792453
599,diogenessinopeus,fm,20,0.45,0,,20,0.45
600,chessdiamant,cm,8,0.5,4,0.5,4,0.5
601,cuprichanin,cm,77,0.7142857142857143,40,0.7,37,0.7297297297297297
602,darian1102,cm,3,0.6666666666666666,1,1.0,2,0.5
603,joejreusa,cm,24,0.4583333333333333,0,,24,0.4583333333333333
604,felixto2010,cm,61,0.4918032786885246,0,,61,0.4918032786885246
605,dacresdon,cm,1,1.0,1,1.0,0,
606,dinul,cm,3,0.3333333333333333,0,,3,0.3333333333333333
607,gbk1w1,cm,7,0.5714285714285714,0,,7,0.5714285714285714
608,charlescandycampbell,cm,60,0.6833333333333333,31,0.6774193548387096,29,0.6896551724137931
609,alisuma,cm,4,0.75,2,1.0,2,0.5
610,wolverine_master,cm,121,0.38016528925619836,0,,121,0.38016528925619836
611,norwaytoadog,cm,19,0.5789473684210527,9,0.6666666666666666,10,0.5
612,almaguerjm,cm,97,0.6185567010309279,49,0.5714285714285714,48,0.6666666666666666
613,jk2w,cm,1,1.0,0,,1,1.0
614,bondau,cm,24,0.5416666666666666,0,,24,0.5416666666666666
615,squishey,cm,127,0.4645669291338583,0,,127,0.4645669291338583
616,mostii,cm,5,0.4,0,,5,0.4
617,grandmasterbomo1,cm,1,1.0,1,1.0,0,
618,skslaviaorlova,cm,7,0.14285714285714285,3,0.0,4,0.25
619,pawnpusher1245,cm,46,0.41304347826086957,0,,46,0.41304347826086957
620,yudai0515,cm,1,0.0,0,,1,0.0
621,litemale,cm,7,0.42857142857142855,0,,7,0.42857142857142855
622,younix2022,cm,155,0.7483870967741936,77,0.7272727272727273,78,0.7692307692307693
623,sodastream007,cm,158,0.6012658227848101,77,0.6493506493506493,81,0.5555555555555556
624,stegariuvlad,cm,14,0.5714285714285714,0,,14,0.5714285714285714
625,berislav222,cm,50,0.74,24,0.8333333333333334,26,0.6538461538461539
626,onetowin,cm,216,0.5046296296296297,109,0.5229357798165137,107,0.48598130841121495
627,mrlammy,cm,1,0.0,0,,1,0.0
628,otrov-11,cm,56,0.6607142857142857,28,0.75,28,0.5714285714285714
629,kekic76,cm,1,1.0,1,1.0,0,
630,yonousomodulo,cm,36,0.4722222222222222,0,,36,0.4722222222222222
631,awayceiling,cm,15,0.7333333333333333,8,0.75,7,0.7142857142857143
632,larissasteenbekkers,cm,90,0.45555555555555555,0,,90,0.45555555555555555
633,shailendrabajpai,cm,4,0.75,2,1.0,2,0.5
634,nottodaysir,cm,4,0.5,0,,4,0.5
635,gixfantastix,cm,21,0.5238095238095238,10,0.4,11,0.6363636363636364
636,robin_ahmedmahatab,cm,198,0.43434343434343436,0,,198,0.43434343434343436
637,felix-rose,cm,215,0.4232558139534884,0,,215,0.4232558139534884
638,eprudentegcf,cm,10,0.5,7,0.42857142857142855,3,0.6666666666666666
639,lonestarpawn,cm,3,0.6666666666666666,0,,3,0.6666666666666666
640,moon_stone123,cm,67,0.3582089552238806,0,,67,0.3582089552238806
641,billforster,cm,7,0.2857142857142857,0,,7,0.2857142857142857
642,bernd_stromberg,cm,163,0.4049079754601227,0,,163,0.4049079754601227
643,qwerasdf8008,cm,362,0.4198895027624309,181,0.425414364640884,181,0.4143646408839779
644,cocovitsch007,cm,158,0.4177215189873418,0,,158,0.4177215189873418
645,parajuli_rajendra,cm,12,0.5833333333333334,6,0.6666666666666666,6,0.5
646,dyrizone,cm,28,0.32142857142857145,0,,28,0.32142857142857145
647,hamedwafa4,cm,10,0.7,0,,10,0.7
648,manoj_mishra123,cm,12,0.5,0,,12,0.5
649,ohajek96,cm,137,0.5912408759124088,69,0.6521739130434783,68,0.5294117647058824
650,guillan,cm,1,0.0,1,0.0,0,
651,tomesao,cm,192,0.671875,97,0.6804123711340206,95,0.6631578947368421
652,waspofborneo,cm,5,0.8,3,0.6666666666666666,2,1.0
653,antabxb121,cm,19,0.47368421052631576,10,0.5,9,0.4444444444444444
654,chalowey97,cm,99,0.5353535353535354,49,0.5306122448979592,50,0.54
655,thaur,cm,6,0.5,0,,6,0.5
656,natovi77,cm,35,0.5714285714285714,0,,35,0.5714285714285714
657,wiktoriapol,cm,7,0.5714285714285714,0,,7,0.5714285714285714
658,thecastlehunter,cm,90,0.45555555555555555,0,,90,0.45555555555555555
659,ultranemesis,cm,38,0.6842105263157895,19,0.7894736842105263,19,0.5789473684210527
660,hmolvig,cm,74,0.7027027027027027,37,0.7837837837837838,37,0.6216216216216216
661,bigbites1996,cm,267,0.5056179775280899,0,,267,0.5056179775280899
662,dimonbanan,cm,12,0.5,0,,12,0.5
663,laurent2003,cm,12,0.9166666666666666,6,1.0,6,0.8333333333333334
664,koncheto,cm,51,0.6274509803921569,25,0.8,26,0.46153846153846156
665,vovachesss,cm,26,0.5769230769230769,13,0.6153846153846154,13,0.5384615384615384
666,jasonhuila,cm,74,0.47297297297297297,0,,74,0.47297297297297297
667,danylabagrov,cm,66,0.30303030303030304,0,,66,0.30303030303030304
668,sernini,cm,2,0.5,0,,2,0.5
669,superboemer,cm,45,0.5333333333333333,0,,45,0.5333333333333333
670,avileyshon7,cm,16,0.4375,0,,16,0.4375
671,pchelkinvk,cm,946,0.4143763213530655,0,,946,0.4143763213530655
672,ksuforever,cm,127,0.44881889763779526,0,,127,0.44881889763779526
673,kiaanagrawal,cm,41,0.5609756097560976,0,,41,0.5609756097560976
674,skills94,cm,37,0.7297297297297297,18,0.8333333333333334,19,0.631578947368421
675,jcmesafischer,cm,44,0.7727272727272727,22,0.7272727272727273,22,0.8181818181818182
676,kanalszachowy,cm,23,0.5652173913043478,0,,23,0.5652173913043478
677,real_sp00f,cm,7,0.42857142857142855,0,,7,0.42857142857142855
678,peternsw,cm,12,0.4166666666666667,0,,12,0.4166666666666667
679,paff_morris_twitch,cm,9,0.3333333333333333,0,,9,0.3333333333333333
680,seanyearwood18,cm,2,1.0,1,1.0,1,1.0
681,haridaskesavan,cm,48,0.375,0,,48,0.375
682,bintang_top,cm,4,0.75,2,1.0,2,0.5
683,javichuela2789,cm,85,0.4823529411764706,0,,85,0.4823529411764706
684,taran2004,cm,2,0.0,0,,2,0.0
685,alejandrocapanegra,cm,3,0.3333333333333333,2,0.5,1,0.0
686,dasatcu90,cm,3,1.0,1,1.0,2,1.0
687,kuenkuen1989,cm,10,0.7,5,0.6,5,0.8
688,akatsukiloghorizon,cm,1,0.0,0,,1,0.0
689,jacksterthepro,cm,232,0.4051724137931034,0,,232,0.4051724137931034
690,kngopal,cm,10,0.8,6,0.6666666666666666,4,1.0
691,kou88,cm,61,0.5245901639344263,0,,61,0.5245901639344263
692,kaizen_chess_academy,cm,43,0.5348837209302325,0,,43,0.5348837209302325
693,dmitriizakurdaev,cm,76,0.5394736842105263,0,,76,0.5394736842105263
694,faustinooro,cm,11,0.5454545454545454,0,,11,0.5454545454545454
695,vaibhavraut99,cm,725,0.46206896551724136,0,,725,0.46206896551724136
696,sandro_mikanovic,cm,26,0.34615384615384615,0,,26,0.34615384615384615
697,i_am_a_miracle,cm,14,0.42857142857142855,0,,14,0.42857142857142855
698,guillejr,cm,17,0.5294117647058824,9,0.4444444444444444,8,0.625
699,mlamba,cm,8,0.625,0,,8,0.625
700,sarajkov,cm,28,0.6785714285714286,14,0.7142857142857143,14,0.6428571428571429
701,ezanatan,cm,0,,0,,0,
702,giomar27,cm,20,0.7,11,0.6363636363636364,9,0.7777777777777778
703,drceltic,cm,870,0.506896551724138,0,,870,0.506896551724138
704,elizabethcastaneda,cm,44,0.6818181818181818,23,0.7391304347826086,21,0.6190476190476191
705,tepcovua2007,cm,19,0.9473684210526315,10,0.9,9,1.0
706,kobemagic,cm,1,1.0,1,1.0,0,
707,inegrepus,cm,19,0.6842105263157895,10,0.7,9,0.6666666666666666
708,josephymwale33,cm,73,0.6027397260273972,37,0.6486486486486487,36,0.5555555555555556
709,blazd,cm,7,0.5714285714285714,0,,7,0.5714285714285714
710,rrlm17,cm,10,0.6,0,,10,0.6
711,manuvidu,cm,38,0.6578947368421053,19,0.7368421052631579,19,0.5789473684210527
712,orujov_2008,cm,19,0.47368421052631576,0,,19,0.47368421052631576
713,mrkooshachess_twitch,cm,68,0.4264705882352941,0,,68,0.4264705882352941
714,chesschronicles123,cm,4,0.5,0,,4,0.5
715,kashkoosh,cm,152,0.506578947368421,0,,152,0.506578947368421
716,kivas,cm,121,0.49586776859504134,61,0.5081967213114754,60,0.48333333333333334
717,sayonaraboy96,cm,183,0.7158469945355191,89,0.7078651685393258,94,0.723404255319149
718,guyiop,cm,5,0.6,0,,5,0.6
719,majarimx,cm,277,0.5451263537906137,137,0.5474452554744526,140,0.5428571428571428
720,mavericksv,cm,85,0.49411764705882355,0,,85,0.49411764705882355
721,philekhoob,cm,961,0.45369406867845996,0,,961,0.45369406867845996
722,kostya0705,cm,23,0.4782608695652174,0,,23,0.4782608695652174
723,cheonsh420,cm,26,0.5769230769230769,14,0.5714285714285714,12,0.5833333333333334
724,mfreemannz,cm,131,0.7786259541984732,68,0.7941176470588235,63,0.7619047619047619
725,nakimurastur,cm,10,0.4,0,,10,0.4
726,estudiandoajedrezrd,cm,209,0.44019138755980863,0,,209,0.44019138755980863
727,drsutek,cm,173,0.5086705202312138,0,,173,0.5086705202312138
728,tolyanius,cm,13,0.46153846153846156,0,,13,0.46153846153846156
729,duloi,cm,53,0.4716981132075472,0,,53,0.4716981132075472
730,vakaspa,cm,5,0.0,2,0.0,3,0.0
731,kcfpatzer,cm,113,0.6548672566371682,59,0.6949152542372882,54,0.6111111111111112
732,renedube,cm,1,0.0,0,,1,0.0
733,mozartus9,cm,1509,0.44068919814446655,0,,1509,0.44068919814446655
734,brahianzevich,cm,130,0.4846153846153846,0,,130,0.4846153846153846
735,nutflush,cm,16,0.5,0,,16,0.5
736,copanchess,cm,1,1.0,1,1.0,0,
737,neldus123,cm,411,0.43552311435523117,0,,411,0.43552311435523117
738,thecairnterrier,cm,8,0.5,0,,8,0.5
739,royalcollegechess,cm,232,0.4525862068965517,0,,232,0.4525862068965517
740,eloso3,cm,192,0.421875,0,,192,0.421875
741,nicolaimaxime,cm,7,0.14285714285714285,0,,7,0.14285714285714285
742,mim06,cm,13,0.6923076923076923,0,,13,0.6923076923076923
743,skippinglaptop,cm,171,0.5029239766081871,0,,171,0.5029239766081871
744,chessfinity27,cm,12,0.6666666666666666,0,,12,0.6666666666666666
745,statsmasternz,cm,2,0.5,0,,2,0.5
746,latigre,cm,18,0.4444444444444444,9,0.4444444444444444,9,0.4444444444444444
747,hernancatelli,cm,225,0.4533333333333333,0,,225,0.4533333333333333
748,goamaster,cm,182,0.8406593406593407,91,0.8681318681318682,91,0.8131868131868132
749,rhrt,cm,30,0.5,16,0.4375,14,0.5714285714285714
750,mrniceplay,cm,1,0.0,0,,1,0.0
751,jmpion,cm,5,0.4,3,0.3333333333333333,2,0.5
752,basicbishop,cm,11,0.5454545454545454,0,,11,0.5454545454545454
753,the_sneaky_weasel,cm,512,0.44140625,0,,512,0.44140625
754,algatar2020,cm,41,0.7073170731707317,21,0.7142857142857143,20,0.7
755,russlo,cm,114,0.7017543859649122,57,0.7192982456140351,57,0.6842105263157895
756,blagorod,cm,12,0.4166666666666667,0,,12,0.4166666666666667
757,i_amnotnikhil,cm,77,0.44155844155844154,39,0.48717948717948717,38,0.39473684210526316
758,king_of_the_wing,cm,16,0.3125,0,,16,0.3125
759,donpreuss,cm,11,0.6363636363636364,0,,11,0.6363636363636364
760,patrisiii123,cm,9,0.7777777777777778,5,0.8,4,0.75
761,iamnotim,cm,1,0.0,0,,1,0.0
762,jarshh95,cm,23,0.43478260869565216,11,0.36363636363636365,12,0.5
763,cisterciense,cm,14,0.42857142857142855,0,,14,0.42857142857142855
764,ljm509,cm,67,0.31343283582089554,32,0.25,35,0.37142857142857144
765,mohamed-yousuf,cm,0,,0,,0,
766,fang3416,cm,26,0.46153846153846156,0,,26,0.46153846153846156
767,dr_thomas_quilter,cm,1,1.0,0,,1,1.0
768,namir131313,cm,4,0.25,2,0.5,2,0.0
769,i_kid_you_not,cm,279,0.4659498207885305,0,,279,0.4659498207885305
770,lollinope,cm,1,1.0,0,,1,1.0
771,realburq,cm,73,0.726027397260274,36,0.6388888888888888,37,0.8108108108108109
772,arniechipmunk,cm,56,0.44642857142857145,0,,56,0.44642857142857145
773,mananchor,cm,13,0.38461538461538464,0,,13,0.38461538461538464
774,chessmatic242,cm,28,0.39285714285714285,0,,28,0.39285714285714285
775,na_binci,cm,5,0.8,0,,5,0.8
776,boriscx,cm,25,0.48,0,,25,0.48
777,hrvojezagreb,cm,316,0.4936708860759494,0,,316,0.4936708860759494
778,jahandarazadaliyev,cm,50,0.58,0,,50,0.58
779,atlanta99,cm,22,0.3181818181818182,0,,22,0.3181818181818182
780,chessfannm,cm,1,0.0,0,,1,0.0
781,mrdemir,cm,114,0.45614035087719296,0,,114,0.45614035087719296
782,smexov,cm,145,0.4482758620689655,0,,145,0.4482758620689655
783,arturocaceres,cm,103,0.5048543689320388,0,,103,0.5048543689320388
784,manon-reja,cm,118,0.3983050847457627,0,,118,0.3983050847457627
785,tardisbenko,cm,13,0.23076923076923078,0,,13,0.23076923076923078
786,1c4_1-0,cm,166,0.5843373493975904,81,0.6666666666666666,85,0.5058823529411764
787,highlawview,cm,266,0.4924812030075188,0,,266,0.4924812030075188
788,remuloaguiarfreitas,cm,194,0.6443298969072165,96,0.6458333333333334,98,0.6428571428571429
789,joseacorrea,cm,239,0.4686192468619247,0,,239,0.4686192468619247
790,satr51pr,cm,55,0.4,0,,55,0.4
791,jgauci,cm,3,0.3333333333333333,0,,3,0.3333333333333333
792,paradise10,cm,271,0.2988929889298893,131,0.3511450381679389,140,0.25
793,juandiv,cm,1,1.0,1,1.0,0,
794,atm622,cm,207,0.47342995169082125,0,,207,0.47342995169082125
795,bouzidian,cm,1,1.0,1,1.0,0,
796,e4evr,cm,158,0.6582278481012658,80,0.6125,78,0.7051282051282052
797,blacknoisestar,cm,34,0.4411764705882353,0,,34,0.4411764705882353
798,trainer1957,cm,2,1.0,1,1.0,1,1.0
799,gusmaster2262,cm,63,0.5873015873015873,31,0.5806451612903226,32,0.59375
